ssid,rssi,mac,lat,lng,alt,hdop,sat,calidad,timestamp,color
TeleMallqui,-62,B2:A6:11:D3:04:F9,-12.017059,-77.049072,117.5,0.94,8,Buena,2025-06-21T13:58:58.531262,green
hw_manage_1550,-76,D8:10:9F:88:15:5B,-12.017059,-77.049072,117.5,0.94,8,Intermedia,2025-06-21T13:58:59.108729,orange
UNI_LIBRE_H,-77,CC:20:8C:BA:DC:30,-12.017059,-77.049072,117.5,0.94,8,Intermedia,2025-06-21T13:59:00.112259,orange
UNI_LIBRE_H,-82,D8:10:9F:69:89:90,-12.017059,-77.049072,117.5,0.94,8,Mala,2025-06-21T13:59:00.516412,red
LIFIEE-2020,-83,5C:A6:E6:9D:12:53,-12.017059,-77.049072,117.5,0.94,8,Mala,2025-06-21T13:59:01.178355,red
DIRECT-HAnRzEBAB16FDGOLS,-86,E2:BB:9E:96:BC:98,-12.017059,-77.049072,117.5,0.94,8,Mala,2025-06-21T13:59:02.191952,red
TP-Link_1E8F,-90,84:D8:1B:69:1E:8F,-12.017059,-77.049072,117.5,0.94,8,Mala,2025-06-21T13:59:05.824812,red
DEDITO,-92,B0:4E:26:DC:4F:B0,-12.017059,-77.049072,117.5,0.94,8,Mala,2025-06-21T13:59:07.324817,red
FEJATURALABTELE,-93,DC:36:0C:93:56:D6,-12.017059,-77.049072,117.5,0.94,8,Mala,2025-06-21T13:59:08.495669,red
CALIDAD,-93,3C:52:A1:80:14:C5,-12.017059,-77.049072,117.5,0.94,8,Mala,2025-06-21T13:59:08.900136,red
PABELLON-DOCENTES,-93,98:DE:D0:2E:D0:F8,-12.017059,-77.049072,117.5,0.94,8,Mala,2025-06-21T13:59:09.530498,red
VL Invitados,-94,B2:4E:26:DC:4F:B0,-12.017059,-77.049072,117.5,0.94,8,Mala,2025-06-21T13:59:09.848652,red
Note @.@,-95,66:B4:46:4A:7A:11,-12.017059,-77.049072,117.5,0.94,8,Mala,2025-06-21T13:59:10.158392,red
junior2,-95,80:26:89:64:45:16,-12.017059,-77.049072,117.5,0.94,8,Mala,2025-06-21T13:59:10.795903,red
estefa 2,-97,B0:A7:B9:8D:E5:DE,-12.017059,-77.049072,117.5,0.94,8,Mala,2025-06-21T13:59:15.717062,red
TeleMallqui,-31,B2:A6:11:D3:04:F9,-12.017064,-77.049118,117.5,0.94,8,Buena,2025-06-21T13:59:20.949447,green
UNI_LIBRE_H,-69,D8:10:9F:69:89:90,-12.017064,-77.049118,117.5,0.94,8,Buena,2025-06-21T13:59:23.294608,green
hw_manage_1550,-79,D8:10:9F:88:15:5B,-12.017064,-77.049118,117.5,0.94,8,Intermedia,2025-06-21T13:59:24.317751,orange
UNI_LIBRE_H,-80,C0:3F:DD:06:3A:20,-12.017064,-77.049118,117.5,0.94,8,Mala,2025-06-21T13:59:26.728896,red
UNI_LIBRE_H,-84,CC:20:8C:BA:C9:F0,-12.017064,-77.049118,117.5,0.94,8,Mala,2025-06-21T13:59:27.030893,red
UNI_LIBRE_H,-85,C0:3F:DD:06:3D:60,-12.017064,-77.049118,117.5,0.94,8,Mala,2025-06-21T13:59:28.821774,red
DIRECT-HAnRzEBAB16FDGOLS,-86,E2:BB:9E:96:BC:98,-12.017064,-77.049118,117.5,0.94,8,Mala,2025-06-21T13:59:29.328847,red
ABASTECIMIENTO,-86,84:D8:1B:69:44:93,-12.017064,-77.049118,117.5,0.94,8,Mala,2025-06-21T13:59:30.200698,red
FAMILIAATONIO,-87,08:33:ED:4D:85:7F,-12.017064,-77.049118,117.5,0.94,8,Mala,2025-06-21T13:59:31.215201,red
junior2,-89,80:26:89:64:45:16,-12.017064,-77.049118,117.5,0.94,8,Mala,2025-06-21T13:59:31.632678,red
UNI_LIBRE_H,-89,C0:3F:DD:06:38:60,-12.017064,-77.049118,117.5,0.94,8,Mala,2025-06-21T13:59:32.097515,red
UNI_LIBRE_H,-89,C0:3F:DD:06:3B:E0,-12.017064,-77.049118,117.5,0.94,8,Mala,2025-06-21T13:59:34.328397,red
SECRETARIA,-90,98:DA:C4:63:8E:98,-12.017064,-77.049118,117.5,0.94,8,Mala,2025-06-21T13:59:34.734111,red
TP-Link_1E8F,-90,84:D8:1B:69:1E:8F,-12.017064,-77.049118,117.5,0.94,8,Mala,2025-06-21T13:59:35.723513,red
UNI-FIEE,-90,D4:6E:0E:CD:9B:40,-12.017064,-77.049118,117.5,0.94,8,Mala,2025-06-21T13:59:36.514761,red
PABELLON-DOCENTES,-91,98:DE:D0:2E:D0:F8,-12.017064,-77.049118,117.5,0.94,8,Mala,2025-06-21T13:59:38.034216,red
VL Invitados,-91,B2:4E:26:DC:4F:B0,-12.017064,-77.049118,117.5,0.94,8,Mala,2025-06-21T13:59:38.826404,red
DEDITO,-93,B0:4E:26:DC:4F:B0,-12.017064,-77.049118,117.5,0.94,8,Mala,2025-06-21T13:59:39.227304,red
NEOXIAOMI,-94,56:9D:21:F9:E2:E7,-12.017064,-77.049118,117.5,0.94,8,Mala,2025-06-21T13:59:40.857424,red
Note @.@,-94,66:B4:46:4A:7A:11,-12.017064,-77.049118,117.5,0.94,8,Mala,2025-06-21T13:59:41.254839,red
ABASTECIMIENTO,-96,98:DA:C4:63:99:7E,-12.017064,-77.049118,117.5,0.94,8,Mala,2025-06-21T13:59:41.769545,red
TeleMallqui,-41,B2:A6:11:D3:04:F9,-12.017152,-77.049095,117.5,0.94,8,Buena,2025-06-21T13:59:45.701460,green
UNI_LIBRE_H,-69,D8:10:9F:69:89:90,-12.017152,-77.049095,117.5,0.94,8,Buena,2025-06-21T13:59:47.824540,green
UNI_LIBRE_H,-78,C0:3F:DD:06:3A:20,-12.017152,-77.049095,117.5,0.94,8,Intermedia,2025-06-21T13:59:49.011830,orange
UNI_LIBRE_H,-83,C0:F6:EC:C2:21:10,-12.017152,-77.049095,117.5,0.94,8,Mala,2025-06-21T13:59:50.938425,red
UNI_LIBRE_H,-83,CC:20:8C:BA:C9:F0,-12.017152,-77.049095,117.5,0.94,8,Mala,2025-06-21T13:59:52.295754,red
hw_manage_1550,-85,D8:10:9F:88:15:5B,-12.017152,-77.049095,117.5,0.94,8,Mala,2025-06-21T13:59:53.335332,red
ABASTECIMIENTO,-88,84:D8:1B:69:44:93,-12.017152,-77.049095,117.5,0.94,8,Mala,2025-06-21T13:59:54.417214,red
UNI_LIBRE_H,-88,CC:20:8C:BA:DC:30,-12.017152,-77.049095,117.5,0.94,8,Mala,2025-06-21T13:59:55.532549,red
TP-Link_1E8F,-89,84:D8:1B:69:1E:8F,-12.017152,-77.049095,117.5,0.94,8,Mala,2025-06-21T13:59:57.437416,red
UNI_LIBRE_H,-89,C0:3F:DD:06:3D:60,-12.017152,-77.049095,117.5,0.94,8,Mala,2025-06-21T14:00:01.731959,red
FAMILIAATONIO,-90,08:33:ED:4D:85:7F,-12.017152,-77.049095,117.5,0.94,8,Mala,2025-06-21T14:00:03.628154,red
UNI FIEE UNI,-90,9A:25:A2:9D:F5:4C,-12.017152,-77.049095,117.5,0.94,8,Mala,2025-06-21T14:00:05.026455,red
UNI_LIBRE_H,-90,CC:20:8C:BA:D9:F0,-12.017152,-77.049095,117.5,0.94,8,Mala,2025-06-21T14:00:05.403395,red
LIFIEE-2020,-91,5C:A6:E6:9D:12:53,-12.017152,-77.049095,117.5,0.94,8,Mala,2025-06-21T14:00:07.138936,red
PABELLON-DOCENTES,-92,98:DE:D0:2E:D0:F8,-12.017152,-77.049095,117.5,0.94,8,Mala,2025-06-21T14:00:08.820394,red
UNI-FIEE,-92,D4:6E:0E:CD:9B:40,-12.017152,-77.049095,117.5,0.94,8,Mala,2025-06-21T14:00:10.125386,red
Note @.@,-93,66:B4:46:4A:7A:11,-12.017152,-77.049095,117.5,0.94,8,Mala,2025-06-21T14:00:10.588181,red
UNI_LIBRE_H,-93,CC:20:8C:BA:CB:F0,-12.017152,-77.049095,117.5,0.94,8,Mala,2025-06-21T14:00:12.967636,red
NEOXIAOMI,-94,56:9D:21:F9:E2:E7,-12.017152,-77.049095,117.5,0.94,8,Mala,2025-06-21T14:00:14.125244,red
ABASTECIMIENTO,-97,98:DA:C4:63:99:7E,-12.017152,-77.049095,117.5,0.94,8,Mala,2025-06-21T14:00:15.240164,red
TeleMallqui,-39,B2:A6:11:D3:04:F9,-12.017271,-77.049126,122.6,0.94,8,Buena,2025-06-21T14:00:19.379659,green
UNI FIEE UNI,-77,9A:25:A2:9D:F5:4C,-12.017271,-77.049126,122.6,0.94,8,Intermedia,2025-06-21T14:00:23.256421,orange
DIRECT-HAnRzEBAB16FDGOLS,-78,E2:BB:9E:96:BC:98,-12.017271,-77.049126,122.6,0.94,8,Intermedia,2025-06-21T14:00:28.737584,orange
DIRECT-HAnSFEBAB170FGOcl,-79,E2:BB:9E:96:BF:B0,-12.017271,-77.049126,122.6,0.94,8,Intermedia,2025-06-21T14:00:31.868004,orange
NEOXIAOMI,-81,56:9D:21:F9:E2:E7,-12.017271,-77.049126,122.6,0.94,8,Mala,2025-06-21T14:00:34.561052,red
EDM14A,-83,7E:9B:14:A3:15:44,-12.017271,-77.049126,122.6,0.94,8,Mala,2025-06-21T14:00:36.343451,red
UNI_LIBRE_H,-83,CC:20:8C:BA:CD:70,-12.017271,-77.049126,122.6,0.94,8,Mala,2025-06-21T14:00:37.431998,red
UNI_LIBRE_H,-86,CC:20:8C:BA:CB:B0,-12.017271,-77.049126,122.6,0.94,8,Mala,2025-06-21T14:00:38.455900,red
Note @.@,-87,66:B4:46:4A:7A:11,-12.017271,-77.049126,122.6,0.94,8,Mala,2025-06-21T14:00:39.246905,red
RAK7289CV2_D59D,-87,AC:1F:09:0C:D5:9D,-12.017271,-77.049126,122.6,0.94,8,Mala,2025-06-21T14:00:40.047385,red
UNI_LIBRE_H,-87,CC:20:8C:BA:CB:F0,-12.017271,-77.049126,122.6,0.94,8,Mala,2025-06-21T14:00:40.854134,red
hw_manage_1550,-87,D8:10:9F:88:15:5B,-12.017271,-77.049126,122.6,0.94,8,Mala,2025-06-21T14:00:41.487053,red
DIRECT-HAnS2EBAB1702GOh_,-89,E2:BB:9E:96:B5:FC,-12.017271,-77.049126,122.6,0.94,8,Mala,2025-06-21T14:00:42.556324,red
LIFIEE-2020,-89,5C:A6:E6:9D:12:53,-12.017271,-77.049126,122.6,0.94,8,Mala,2025-06-21T14:00:43.953063,red
UNI_LIBRE_H,-90,CC:20:8C:BA:DC:30,-12.017271,-77.049126,122.6,0.94,8,Mala,2025-06-21T14:00:44.991963,red
UNI_LIBRE_H,-91,CC:20:8C:BA:C7:30,-12.017271,-77.049126,122.6,0.94,8,Mala,2025-06-21T14:00:45.353600,red
UNI_LIBRE_H,-91,CC:20:8C:BA:D6:B0,-12.017271,-77.049126,122.6,0.94,8,Mala,2025-06-21T14:00:46.582808,red
UNI_LIBRE_H,-92,C0:3F:DD:06:3D:60,-12.017271,-77.049126,122.6,0.94,8,Mala,2025-06-21T14:00:47.054916,red
TP-Link_1E8F,-93,84:D8:1B:69:1E:8F,-12.017271,-77.049126,122.6,0.94,8,Mala,2025-06-21T14:00:47.733895,red
TeleMallqui,-36,B2:A6:11:D3:04:F9,-12.017199,-77.048798,126.6,1.04,8,Buena,2025-06-21T14:00:52.667478,green
DIRECT-HAnS2EBAB1702GOh_,-77,E2:BB:9E:96:B5:FC,-12.017199,-77.048798,126.6,1.04,8,Intermedia,2025-06-21T14:00:53.559152,orange
DIRECT-HAnRzEBAB16FDGOLS,-81,E2:BB:9E:96:BC:98,-12.017199,-77.048798,126.6,1.04,8,Mala,2025-06-21T14:00:54.262156,red
Residencia-P,-83,54:16:51:84:C6:55,-12.017199,-77.048798,126.6,1.04,8,Mala,2025-06-21T14:00:54.831669,red
UNI_LIBRE_H,-84,CC:20:8C:BA:D6:B0,-12.017199,-77.048798,126.6,1.04,8,Mala,2025-06-21T14:00:55.245519,red
UNI_LIBRE_H,-87,CC:20:8C:BA:CB:B0,-12.017199,-77.048798,126.6,1.04,8,Mala,2025-06-21T14:00:55.855240,red
CEFIEE Centrito 2.4GHz,-88,86:11:DB:82:70:4C,-12.017199,-77.048798,126.6,1.04,8,Mala,2025-06-21T14:00:56.263175,red
DIRECT-HAnVqEBAB17F4GOym,-88,E2:BB:9E:96:00:B4,-12.017199,-77.048798,126.6,1.04,8,Mala,2025-06-21T14:00:56.662950,red
Residencia-P,-88,54:16:51:84:C4:F7,-12.017199,-77.048798,126.6,1.04,8,Mala,2025-06-21T14:00:57.056429,red
UNI_LIBRE_H,-89,CC:20:8C:BA:C8:B0,-12.017199,-77.048798,126.6,1.04,8,Mala,2025-06-21T14:00:57.456606,red
Movistar FIO,-91,2C:96:82:E5:DE:40,-12.017199,-77.048798,126.6,1.04,8,Mala,2025-06-21T14:00:58.256881,red
UNI_LIBRE_H,-91,D8:10:9F:69:89:90,-12.017199,-77.048798,126.6,1.04,8,Mala,2025-06-21T14:00:59.537992,red
Residencia-P,-92,54:16:51:84:C6:46,-12.017199,-77.048798,126.6,1.04,8,Mala,2025-06-21T14:01:00.651487,red
EL OLIMPO,-94,00:1D:0F:D4:91:94,-12.017199,-77.048798,126.6,1.04,8,Mala,2025-06-21T14:01:01.346634,red
NELLY,-94,DA:68:52:93:AD:E8,-12.017199,-77.048798,126.6,1.04,8,Mala,2025-06-21T14:01:01.948039,red
Megalowatts,-95,1A:04:CC:78:5B:57,-12.017199,-77.048798,126.6,1.04,8,Mala,2025-06-21T14:01:02.351294,red
TeleMallqui,-41,B2:A6:11:D3:04:F9,-12.017199,-77.048798,126.6,1.04,8,Buena,2025-06-21T14:01:06.252866,green
CEFIEE Centrito 2.4GHz,-76,86:11:DB:82:70:4C,-12.017199,-77.048798,126.6,1.04,8,Intermedia,2025-06-21T14:01:06.863256,orange
Movistar FIO,-85,2C:96:82:E5:DE:40,-12.017199,-77.048798,126.6,1.04,8,Mala,2025-06-21T14:01:08.139148,red
DIRECT-HAnS2EBAB1702GOh_,-86,E2:BB:9E:96:B5:FC,-12.017199,-77.048798,126.6,1.04,8,Mala,2025-06-21T14:01:08.558778,red
UNI_LIBRE_H,-87,D8:10:9F:69:89:90,-12.017199,-77.048798,126.6,1.04,8,Mala,2025-06-21T14:01:10.349665,red
Residencia-P,-88,54:16:51:84:C6:55,-12.017199,-77.048798,126.6,1.04,8,Mala,2025-06-21T14:01:10.961964,red
Residencia-P,-88,54:16:51:84:C4:F7,-12.017199,-77.048798,126.6,1.04,8,Mala,2025-06-21T14:01:11.829832,red
UNI_LIBRE_H,-90,CC:20:8C:BA:D6:B0,-12.017199,-77.048798,126.6,1.04,8,Mala,2025-06-21T14:01:13.265240,red
Residencia-P,-91,54:16:51:84:C0:83,-12.017199,-77.048798,126.6,1.04,8,Mala,2025-06-21T14:01:13.660575,red
Residencia-P,-91,54:16:51:84:C6:46,-12.017199,-77.048798,126.6,1.04,8,Mala,2025-06-21T14:01:14.362530,red
FAMILIAATONIO,-92,08:33:ED:4D:85:7F,-12.017199,-77.048798,126.6,1.04,8,Mala,2025-06-21T14:01:15.263329,red
Residencia-P,-92,54:16:51:84:BA:93,-12.017199,-77.048798,126.6,1.04,8,Mala,2025-06-21T14:01:16.541527,red
Residencia-P,-92,54:16:51:84:BA:B6,-12.017199,-77.048798,126.6,1.04,8,Mala,2025-06-21T14:01:16.939405,red
SALVADOR,-93,08:33:ED:EF:AB:5F,-12.017199,-77.048798,126.6,1.04,8,Mala,2025-06-21T14:01:17.161265,red
Residencia-P,-93,54:16:51:84:C5:97,-12.017199,-77.048798,126.6,1.04,8,Mala,2025-06-21T14:01:17.360680,red
TeleMallqui,-53,B2:A6:11:D3:04:F9,-12.0172,-77.048721,126.1,1.14,8,Buena,2025-06-21T14:01:21.231247,green
FAMILIAATONIO,-78,08:33:ED:4D:85:7F,-12.0172,-77.048721,126.1,1.14,8,Intermedia,2025-06-21T14:01:21.851644,orange
canarionochico,-89,E4:FA:C4:11:24:FA,-12.0172,-77.048721,126.1,1.14,8,Mala,2025-06-21T14:01:22.251219,red
hw_manage_1550,-89,D8:10:9F:88:15:5B,-12.0172,-77.048721,126.1,1.14,8,Mala,2025-06-21T14:01:22.654464,red
CEFIEE Centrito 2.4GHz,-90,86:11:DB:82:70:4C,-12.0172,-77.048721,126.1,1.14,8,Mala,2025-06-21T14:01:23.061576,red
Residencia-P,-91,54:16:51:84:C4:F7,-12.0172,-77.048721,126.1,1.14,8,Mala,2025-06-21T14:01:23.648609,red
Residencia-P,-92,54:16:51:84:C6:55,-12.0172,-77.048721,126.1,1.14,8,Mala,2025-06-21T14:01:24.259414,red
UNI_LIBRE_H,-93,CC:20:8C:BA:D6:B0,-12.0172,-77.048721,126.1,1.14,8,Mala,2025-06-21T14:01:24.936541,red
Residencia-P,-94,54:16:51:84:C6:78,-12.0172,-77.048721,126.1,1.14,8,Mala,2025-06-21T14:01:28.354958,red
TeleMallqui,-49,B2:A6:11:D3:04:F9,-12.017278,-77.048553,126.6,0.94,8,Buena,2025-06-21T14:01:32.265833,green
UNI_LIBRE_H,-81,CC:20:8C:BA:D6:B0,-12.017278,-77.048553,126.6,0.94,8,Mala,2025-06-21T14:01:34.158696,red
hw_manage_1550,-82,D8:10:9F:88:15:5B,-12.017278,-77.048553,126.6,0.94,8,Mala,2025-06-21T14:01:34.757464,red
canarionochico,-84,E4:FA:C4:11:24:FA,-12.017278,-77.048553,126.6,0.94,8,Mala,2025-06-21T14:01:36.060560,red
UNI_LIBRE_H,-88,C0:3F:DD:06:3D:A0,-12.017278,-77.048553,126.6,0.94,8,Mala,2025-06-21T14:01:36.958211,red
FAMILIAATONIO,-91,08:33:ED:4D:85:7F,-12.017278,-77.048553,126.6,0.94,8,Mala,2025-06-21T14:01:37.628666,red
CONECTA4-530,-93,F8:79:28:09:00:54,-12.017278,-77.048553,126.6,0.94,8,Mala,2025-06-21T14:01:38.261100,red
DEDITO,-93,B0:4E:26:DC:4F:B0,-12.017278,-77.048553,126.6,0.94,8,Mala,2025-06-21T14:01:38.822372,red
Jota,-93,9E:15:86:89:3E:4C,-12.017278,-77.048553,126.6,0.94,8,Mala,2025-06-21T14:01:40.254989,red
HUAWEI Y5 2018,-94,FE:87:43:D6:34:B4,-12.017278,-77.048553,126.6,0.94,8,Mala,2025-06-21T14:01:40.661582,red
VL Invitados,-94,B2:4E:26:DC:4F:B0,-12.017278,-77.048553,126.6,0.94,8,Mala,2025-06-21T14:01:41.158342,red
TeleMallqui,-54,B2:A6:11:D3:04:F9,-12.017197,-77.048592,127.9,0.94,8,Buena,2025-06-21T14:01:45.967907,green
JESUS 29,-88,50:46:4A:1D:02:64,-12.017197,-77.048592,127.9,0.94,8,Mala,2025-06-21T14:01:49.469812,red
UNI_LIBRE_H,-89,C0:3F:DD:06:3D:A0,-12.017197,-77.048592,127.9,0.94,8,Mala,2025-06-21T14:01:49.703608,red
hw_manage_1550,-89,D8:10:9F:88:15:5B,-12.017197,-77.048592,127.9,0.94,8,Mala,2025-06-21T14:01:49.977761,red
DIRECT-HAnRzEBAB16FDGOLS,-90,E2:BB:9E:96:BC:98,-12.017197,-77.048592,127.9,0.94,8,Mala,2025-06-21T14:01:50.314124,red
UNI_LIBRE_H,-90,CC:20:8C:BA:D6:B0,-12.017197,-77.048592,127.9,0.94,8,Mala,2025-06-21T14:01:50.704640,red
RAMON,-92,08:33:ED:EF:24:9F,-12.017197,-77.048592,127.9,0.94,8,Mala,2025-06-21T14:01:51.099556,red
TP-Link_635E,-92,DC:62:79:C8:63:5E,-12.017197,-77.048592,127.9,0.94,8,Mala,2025-06-21T14:01:53.142433,red
CONECTA4-530,-93,F8:79:28:09:00:54,-12.017197,-77.048592,127.9,0.94,8,Mala,2025-06-21T14:01:53.567369,red
ALVA AGUILAR,-94,2C:96:82:DF:1C:D8,-12.017197,-77.048592,127.9,0.94,8,Mala,2025-06-21T14:01:55.247646,red
HUAWEI Y5 2018,-94,FE:87:43:D6:34:B4,-12.017197,-77.048592,127.9,0.94,8,Mala,2025-06-21T14:01:55.660931,red
Residencia-P,-94,54:16:51:84:BA:B6,-12.017197,-77.048592,127.9,0.94,8,Mala,2025-06-21T14:01:56.073691,red
HONOR X7c,-95,3E:92:70:6C:D8:D6,-12.017197,-77.048592,127.9,0.94,8,Mala,2025-06-21T14:01:57.454904,red
CEFIEE Centrito 2.4GHz,-95,86:11:DB:82:70:4C,-12.017197,-77.048592,127.9,0.94,8,Mala,2025-06-21T14:01:57.863454,red
TeleMallqui,-53,B2:A6:11:D3:04:F9,-12.017081,-77.04863,127.9,0.94,8,Buena,2025-06-21T14:02:01.751108,green
DEDITO,-68,B0:4E:26:DC:4F:B0,-12.017081,-77.04863,127.9,0.94,8,Buena,2025-06-21T14:02:02.563907,green
VL Invitados,-69,B2:4E:26:DC:4F:B0,-12.017081,-77.04863,127.9,0.94,8,Buena,2025-06-21T14:02:03.430111,green
DIRECT-HAnRzEBAB16FDGOLS,-84,E2:BB:9E:96:BC:98,-12.017081,-77.04863,127.9,0.94,8,Mala,2025-06-21T14:02:03.855087,red
hw_manage_1550,-84,D8:10:9F:88:15:5B,-12.017081,-77.04863,127.9,0.94,8,Mala,2025-06-21T14:02:04.645858,red
RAMON,-89,08:33:ED:EF:24:9F,-12.017081,-77.04863,127.9,0.94,8,Mala,2025-06-21T14:02:05.060076,red
TP-Link_1E8F,-90,84:D8:1B:69:1E:8F,-12.017081,-77.04863,127.9,0.94,8,Mala,2025-06-21T14:02:06.257980,red
Perritos,-91,2C:96:82:CE:95:F0,-12.017081,-77.04863,127.9,0.94,8,Mala,2025-06-21T14:02:06.911448,red
CONECTAUNO-WIFI6,-91,44:3B:14:1D:20:E0,-12.017081,-77.04863,127.9,0.94,8,Mala,2025-06-21T14:02:07.732749,red
HP-Print-D8-Officejet Pro 8610,-92,A0:D3:C1:DE:56:D8,-12.017081,-77.04863,127.9,0.94,8,Mala,2025-06-21T14:02:09.753829,red
Lopez,-93,B0:CC:FE:37:29:E0,-12.017081,-77.04863,127.9,0.94,8,Mala,2025-06-21T14:02:10.154662,red
TP-Link_635E,-94,DC:62:79:C8:63:5E,-12.017081,-77.04863,127.9,0.94,8,Mala,2025-06-21T14:02:10.958632,red
HUAWEI Y5 2018,-95,FE:87:43:D6:34:B4,-12.017081,-77.04863,127.9,0.94,8,Mala,2025-06-21T14:02:12.453290,red
junior2,-95,80:26:89:64:45:16,-12.017081,-77.04863,127.9,0.94,8,Mala,2025-06-21T14:02:12.859747,red
TeleMallqui,-45,B2:A6:11:D3:04:F9,-12.017081,-77.04863,127.9,0.94,8,Buena,2025-06-21T14:02:16.872183,green
hw_manage_1550,-73,D8:10:9F:88:15:5B,-12.017081,-77.04863,127.9,0.94,8,Intermedia,2025-06-21T14:02:19.031790,orange
DEDITO,-82,B0:4E:26:DC:4F:B0,-12.017081,-77.04863,127.9,0.94,8,Mala,2025-06-21T14:02:19.732298,red
VL Invitados,-83,B2:4E:26:DC:4F:B0,-12.017081,-77.04863,127.9,0.94,8,Mala,2025-06-21T14:02:22.458071,red
HP-Print-D8-Officejet Pro 8610,-88,A0:D3:C1:DE:56:D8,-12.017081,-77.04863,127.9,0.94,8,Mala,2025-06-21T14:02:23.060866,red
San Miguel Arcangel,-89,68:FF:7B:FC:AF:8E,-12.017081,-77.04863,127.9,0.94,8,Mala,2025-06-21T14:02:23.501533,red
canarionochico,-90,E4:FA:C4:11:24:FA,-12.017081,-77.04863,127.9,0.94,8,Mala,2025-06-21T14:02:24.124589,red
TP-Link_635E,-90,DC:62:79:C8:63:5E,-12.017081,-77.04863,127.9,0.94,8,Mala,2025-06-21T14:02:24.530231,red
FEJATURALABTELE,-91,DC:36:0C:93:56:D6,-12.017081,-77.04863,127.9,0.94,8,Mala,2025-06-21T14:02:24.930161,red
CarlosEstudio2025,-91,4C:D7:C8:4B:BB:A0,-12.017081,-77.04863,127.9,0.94,8,Mala,2025-06-21T14:02:25.320809,red
DIRECT-HAnRzEBAB16FDGOLS,-91,E2:BB:9E:96:BC:98,-12.017081,-77.04863,127.9,0.94,8,Mala,2025-06-21T14:02:25.732185,red
Lopez,-91,B0:CC:FE:37:29:E0,-12.017081,-77.04863,127.9,0.94,8,Mala,2025-06-21T14:02:26.728224,red
Conecta1760,-92,4C:D7:C8:4B:BB:60,-12.017081,-77.04863,127.9,0.94,8,Mala,2025-06-21T14:02:30.222838,red
FAMILIAATONIO,-93,08:33:ED:4D:85:7F,-12.017081,-77.04863,127.9,0.94,8,Mala,2025-06-21T14:02:30.833148,red
Conecta-110,-94,6C:68:A4:E2:54:25,-12.017081,-77.04863,127.9,0.94,8,Mala,2025-06-21T14:02:34.432447,red
TP-Link_8AE2,-94,60:32:B1:51:8A:E2,-12.017081,-77.04863,127.9,0.94,8,Mala,2025-06-21T14:02:37.423625,red
Jota,-94,9E:15:86:89:3E:4C,-12.017081,-77.04863,127.9,0.94,8,Mala,2025-06-21T14:02:38.613070,red
TeleMallqui,-24,B2:A6:11:D3:04:F9,-12.016883,-77.048691,134.1,0.94,8,Buena,2025-06-21T14:02:42.651243,green
hw_manage_1550,-67,D8:10:9F:88:15:5B,-12.016883,-77.048691,134.1,0.94,8,Buena,2025-06-21T14:02:43.896297,green
ENTEL HOGAR,-83,DC:90:88:11:46:5F,-12.016883,-77.048691,134.1,0.94,8,Mala,2025-06-21T14:02:45.525726,red
LIFIEE-2020,-85,5C:A6:E6:9D:12:53,-12.016883,-77.048691,134.1,0.94,8,Mala,2025-06-21T14:02:46.218793,red
UNI_LIBRE_H,-90,CC:20:8C:BA:AE:30,-12.016883,-77.048691,134.1,0.94,8,Mala,2025-06-21T14:02:47.020658,red
DONVALLE,-91,E0:41:36:9B:BE:4A,-12.016883,-77.048691,134.1,0.94,8,Mala,2025-06-21T14:02:47.524584,red
FEJATURALABTELE,-92,DC:36:0C:93:56:D6,-12.016883,-77.048691,134.1,0.94,8,Mala,2025-06-21T14:02:48.011440,red
canarionochico,-92,E4:FA:C4:11:24:FA,-12.016883,-77.048691,134.1,0.94,8,Mala,2025-06-21T14:02:48.711260,red
FAMILIAATONIO,-94,08:33:ED:4D:85:7F,-12.016883,-77.048691,134.1,0.94,8,Mala,2025-06-21T14:02:49.306877,red
ALVA AGUILAR,-94,2C:96:82:DF:1C:D8,-12.016883,-77.048691,134.1,0.94,8,Mala,2025-06-21T14:02:49.916842,red
HUAWEI Y5 2018,-94,FE:87:43:D6:34:B4,-12.016883,-77.048691,134.1,0.94,8,Mala,2025-06-21T14:02:51.317198,red
CONECTA4-530,-94,F8:79:28:09:00:54,-12.016883,-77.048691,134.1,0.94,8,Mala,2025-06-21T14:02:51.928552,red
JEZFABI,-94,84:D8:1B:31:8B:C2,-12.016883,-77.048691,134.1,0.94,8,Mala,2025-06-21T14:02:52.530591,red
DEDITO,-94,B0:4E:26:DC:4F:B0,-12.016883,-77.048691,134.1,0.94,8,Mala,2025-06-21T14:02:53.420519,red
TeleMallqui,-44,B2:A6:11:D3:04:F9,-12.016883,-77.048691,134.1,0.94,8,Buena,2025-06-21T14:02:58.214266,green
TP-Link_635E,-81,DC:62:79:C8:63:5E,-12.016883,-77.048691,134.1,0.94,8,Mala,2025-06-21T14:03:01.176330,red
San Miguel Arcangel,-83,68:FF:7B:FC:AF:8E,-12.016883,-77.048691,134.1,0.94,8,Mala,2025-06-21T14:03:02.175886,red
FAMILIAATONIO,-84,08:33:ED:4D:85:7F,-12.016883,-77.048691,134.1,0.94,8,Mala,2025-06-21T14:03:03.201903,red
LIFIEE-2020,-84,5C:A6:E6:9D:12:53,-12.016883,-77.048691,134.1,0.94,8,Mala,2025-06-21T14:03:04.159145,red
ENTEL HOGAR,-86,DC:90:88:11:46:5F,-12.016883,-77.048691,134.1,0.94,8,Mala,2025-06-21T14:03:04.686213,red
hw_manage_1550,-86,D8:10:9F:88:15:5B,-12.016883,-77.048691,134.1,0.94,8,Mala,2025-06-21T14:03:06.283343,red
Jefer,-87,DA:7B:F2:1D:5D:60,-12.016883,-77.048691,134.1,0.94,8,Mala,2025-06-21T14:03:06.765983,red
JEZFABI,-87,84:D8:1B:31:8B:C2,-12.016883,-77.048691,134.1,0.94,8,Mala,2025-06-21T14:03:09.574885,red
Win2023,-88,14:46:58:0D:29:48,-12.016883,-77.048691,134.1,0.94,8,Mala,2025-06-21T14:03:10.980315,red
IVASQUEZ,-89,F4:52:46:17:0D:4F,-12.016883,-77.048691,134.1,0.94,8,Mala,2025-06-21T14:03:12.668094,red
canarionochico,-90,E4:FA:C4:11:24:FA,-12.016883,-77.048691,134.1,0.94,8,Mala,2025-06-21T14:03:13.280300,red
HP-Print-D8-Officejet Pro 8610,-90,A0:D3:C1:DE:56:D8,-12.016883,-77.048691,134.1,0.94,8,Mala,2025-06-21T14:03:14.079022,red
Lopez,-91,B0:CC:FE:37:29:E0,-12.016883,-77.048691,134.1,0.94,8,Mala,2025-06-21T14:03:15.068643,red
LUZ,-91,34:57:60:8C:04:82,-12.016883,-77.048691,134.1,0.94,8,Mala,2025-06-21T14:03:16.248192,red
CONECTA-WIFI6-5E08,-91,44:3B:14:17:5E:08,-12.016883,-77.048691,134.1,0.94,8,Mala,2025-06-21T14:03:18.377924,red
HUAWEI Y5 2018,-91,FE:87:43:D6:34:B4,-12.016883,-77.048691,134.1,0.94,8,Mala,2025-06-21T14:03:18.973132,red
FEJATURALABTELE,-92,DC:36:0C:93:56:D6,-12.016883,-77.048691,134.1,0.94,8,Mala,2025-06-21T14:03:22.673418,red
Conecta-110,-92,6C:68:A4:E2:54:25,-12.016883,-77.048691,134.1,0.94,8,Mala,2025-06-21T14:03:23.682305,red
junior2,-94,80:26:89:64:45:16,-12.016883,-77.048691,134.1,0.94,8,Mala,2025-06-21T14:03:25.710319,red
RAMON,-94,08:33:ED:EF:24:9F,-12.016883,-77.048691,134.1,0.94,8,Mala,2025-06-21T14:03:26.357753,red
ConectaFamilia950,-95,4C:D7:C8:4B:9F:50,-12.016883,-77.048691,134.1,0.94,8,Mala,2025-06-21T14:03:26.732310,red
FTTH-CONECTA1188,-96,6C:68:A4:D7:27:8A,-12.016883,-77.048691,134.1,0.94,8,Mala,2025-06-21T14:03:27.592135,red
TeleMallqui,-35,B2:A6:11:D3:04:F9,-12.016561,-77.048859,136.9,0.93,8,Buena,2025-06-21T14:03:33.042485,green
TP-Link_635E,-74,DC:62:79:C8:63:5E,-12.016561,-77.048859,136.9,0.93,8,Intermedia,2025-06-21T14:03:34.989074,orange
FAMILIAATONIO,-76,08:33:ED:4D:85:7F,-12.016561,-77.048859,136.9,0.93,8,Intermedia,2025-06-21T14:03:37.616173,orange
JEZFABI,-78,84:D8:1B:31:8B:C2,-12.016561,-77.048859,136.9,0.93,8,Intermedia,2025-06-21T14:03:39.224832,orange
San Miguel Arcangel,-80,68:FF:7B:FC:AF:8E,-12.016561,-77.048859,136.9,0.93,8,Mala,2025-06-21T14:03:40.914472,red
HP-Print-D8-Officejet Pro 8610,-83,A0:D3:C1:DE:56:D8,-12.016561,-77.048859,136.9,0.93,8,Mala,2025-06-21T14:03:41.927779,red
ENTEL HOGAR,-85,DC:90:88:11:46:5F,-12.016561,-77.048859,136.9,0.93,8,Mala,2025-06-21T14:03:43.403460,red
RAMON,-87,08:33:ED:EF:24:9F,-12.016561,-77.048859,136.9,0.93,8,Mala,2025-06-21T14:03:45.011006,red
DONVALLE,-87,E0:41:36:9B:BE:4A,-12.016561,-77.048859,136.9,0.93,8,Mala,2025-06-21T14:03:45.617196,red
CONECTA4-530,-87,F8:79:28:09:00:54,-12.016561,-77.048859,136.9,0.93,8,Mala,2025-06-21T14:03:46.592625,red
canarionochico,-87,E4:FA:C4:11:24:FA,-12.016561,-77.048859,136.9,0.93,8,Mala,2025-06-21T14:03:49.317634,red
GALARRETA 2.4G,-87,14:46:58:0E:DE:20,-12.016561,-77.048859,136.9,0.93,8,Mala,2025-06-21T14:03:50.320395,red
Christian-2.4GHz,-87,F4:E4:51:B3:F1:98,-12.016561,-77.048859,136.9,0.93,8,Mala,2025-06-21T14:03:54.219494,red
IVASQUEZ,-88,F4:52:46:17:0D:4F,-12.016561,-77.048859,136.9,0.93,8,Mala,2025-06-21T14:03:56.220222,red
Lopez,-89,B0:CC:FE:37:29:E0,-12.016561,-77.048859,136.9,0.93,8,Mala,2025-06-21T14:03:58.108274,red
DIRECT-1E-HP Smart Tank 710-720,-89,3A:CA:84:92:C1:1E,-12.016561,-77.048859,136.9,0.93,8,Mala,2025-06-21T14:03:59.316820,red
CONECTAESTUDIO-4250,-89,C4:EB:FF:B7:E1:C1,-12.016561,-77.048859,136.9,0.93,8,Mala,2025-06-21T14:03:59.726590,red
FTTH-CONECTA3979,-89,1C:EF:03:F4:38:7E,-12.016561,-77.048859,136.9,0.93,8,Mala,2025-06-21T14:04:00.733543,red
NETGEAR91,-89,44:94:FC:3F:F6:76,-12.016561,-77.048859,136.9,0.93,8,Mala,2025-06-21T14:04:01.236816,red
cristhian,-89,08:33:ED:F3:66:CF,-12.016561,-77.048859,136.9,0.93,8,Mala,2025-06-21T14:04:02.833829,red
JAZMIN,-89,BC:1E:85:91:88:24,-12.016561,-77.048859,136.9,0.93,8,Mala,2025-06-21T14:04:03.242395,red
hw_manage_1550,-89,D8:10:9F:88:15:5B,-12.016561,-77.048859,136.9,0.93,8,Mala,2025-06-21T14:04:03.842310,red
Perritos,-90,2C:96:82:CE:95:F0,-12.016561,-77.048859,136.9,0.93,8,Mala,2025-06-21T14:04:04.325088,red
HUAWEI-2.4G-TuuE,-90,1E:E6:39:F6:DF:40,-12.016561,-77.048859,136.9,0.93,8,Mala,2025-06-21T14:04:05.327151,red
MOVISTAR_6870,-90,FC:5A:1D:EF:68:78,-12.016561,-77.048859,136.9,0.93,8,Mala,2025-06-21T14:04:07.633077,red
Sotomayor,-91,08:33:ED:F3:E4:9F,-12.016561,-77.048859,136.9,0.93,8,Mala,2025-06-21T14:04:09.331357,red
Edward,-91,F4:52:46:CB:D6:CF,-12.016561,-77.048859,136.9,0.93,8,Mala,2025-06-21T14:04:10.848206,red
ERICK10 2.4GHZ,-92,FC:4D:A6:E2:3C:70,-12.016561,-77.048859,136.9,0.93,8,Mala,2025-06-21T14:04:12.042120,red
CONECTA-WIFI6-5E08,-93,44:3B:14:17:5E:08,-12.016561,-77.048859,136.9,0.93,8,Mala,2025-06-21T14:04:12.642922,red
REPETIDORCASA-STREAMING,-93,44:3B:14:17:5F:70,-12.016561,-77.048859,136.9,0.93,8,Mala,2025-06-21T14:04:13.225092,red
FTTH-CONECTA1188,-93,6C:68:A4:D7:27:8A,-12.016561,-77.048859,136.9,0.93,8,Mala,2025-06-21T14:04:18.463634,red
Tenda_BD7B30,-93,CC:2D:21:BD:7B:30,-12.016561,-77.048859,136.9,0.93,8,Mala,2025-06-21T14:04:20.644254,red
MOVISTAR_6077,-93,7C:DB:98:AD:60:7A,-12.016561,-77.048859,136.9,0.93,8,Mala,2025-06-21T14:04:22.042394,red
WIN,-94,44:3B:14:7D:6B:70,-12.016561,-77.048859,136.9,0.93,8,Mala,2025-06-21T14:04:23.730735,red
PIERO,-94,2C:96:82:DF:13:00,-12.016561,-77.048859,136.9,0.93,8,Mala,2025-06-21T14:04:24.533968,red
jaimesrojas4G,-95,E0:1C:FC:62:28:05,-12.016561,-77.048859,136.9,0.93,8,Mala,2025-06-21T14:04:25.547224,red
CasaUNI_RyO,-95,F4:E4:51:B5:51:F0,-12.016561,-77.048859,136.9,0.93,8,Mala,2025-06-21T14:04:26.945981,red
TeleMallqui,-25,B2:A6:11:D3:04:F9,-12.016263,-77.048866,124.6,1.04,8,Buena,2025-06-21T14:04:31.783794,green
FIIS_Estudiantes,-84,00:81:C4:EA:02:31,-12.016263,-77.048866,124.6,1.04,8,Mala,2025-06-21T14:04:32.856579,red
FIIS_Docentes,-85,00:FC:BA:AB:1D:E0,-12.016263,-77.048866,124.6,1.04,8,Mala,2025-06-21T14:04:34.663754,red
WI_FIIS,-85,00:FC:BA:AB:1D:E3,-12.016263,-77.048866,124.6,1.04,8,Mala,2025-06-21T14:04:35.832638,red
FIIS_Docentes,-85,00:81:C4:EA:02:30,-12.016263,-77.048866,124.6,1.04,8,Mala,2025-06-21T14:04:36.946789,red
WI_FIIS,-86,00:81:C4:EA:02:33,-12.016263,-77.048866,124.6,1.04,8,Mala,2025-06-21T14:04:40.135056,red
NAYA 2.4G,-87,44:9B:C1:45:A1:44,-12.016263,-77.048866,124.6,1.04,8,Mala,2025-06-21T14:04:41.133137,red
PISO2-MANUEL2025,-87,44:3B:14:6C:EA:40,-12.016263,-77.048866,124.6,1.04,8,Mala,2025-06-21T14:04:41.639128,red
FIIS_Estudiantes,-87,00:FC:BA:AB:1D:E1,-12.016263,-77.048866,124.6,1.04,8,Mala,2025-06-21T14:04:43.440704,red
Lopez,-88,B0:CC:FE:37:29:E0,-12.016263,-77.048866,124.6,1.04,8,Mala,2025-06-21T14:04:44.660183,red
MOVISTAR WIFI5943,-89,FE:C4:23:D2:28:79,-12.016263,-77.048866,124.6,1.04,8,Mala,2025-06-21T14:04:47.663660,red
IVASQUEZ,-90,F4:52:46:17:0D:4F,-12.016263,-77.048866,124.6,1.04,8,Mala,2025-06-21T14:04:48.868116,red
FTTH-CONECTA1020,-90,6C:68:A4:D7:2A:BA,-12.016263,-77.048866,124.6,1.04,8,Mala,2025-06-21T14:04:51.795882,red
Connectify-me,-90,28:87:BA:E1:F2:96,-12.016263,-77.048866,124.6,1.04,8,Mala,2025-06-21T14:04:52.481276,red
Conecta-110,-91,6C:68:A4:E2:54:25,-12.016263,-77.048866,124.6,1.04,8,Mala,2025-06-21T14:04:53.644942,red
Perritos,-91,2C:96:82:CE:95:F0,-12.016263,-77.048866,124.6,1.04,8,Mala,2025-06-21T14:04:54.458416,red
ConectaFamilia950,-92,4C:D7:C8:4B:9F:50,-12.016263,-77.048866,124.6,1.04,8,Mala,2025-06-21T14:04:57.230658,red
FIIS_Docentes,-92,78:72:5D:02:13:00,-12.016263,-77.048866,124.6,1.04,8,Mala,2025-06-21T14:04:58.755976,red
WI_FIIS,-93,00:A2:EE:C3:20:23,-12.016263,-77.048866,124.6,1.04,8,Mala,2025-06-21T14:04:59.568965,red
FIIS_Estudiantes,-93,78:72:5D:02:13:01,-12.016263,-77.048866,124.6,1.04,8,Mala,2025-06-21T14:04:59.961700,red
Detino,-93,3A:79:AC:62:84:D9,-12.016263,-77.048866,124.6,1.04,8,Mala,2025-06-21T14:05:00.865526,red
FIIS_Docentes,-93,00:FC:BA:A3:DD:00,-12.016263,-77.048866,124.6,1.04,8,Mala,2025-06-21T14:05:01.925006,red
FIIS_Estudiantes,-93,00:FC:BA:A3:DD:01,-12.016263,-77.048866,124.6,1.04,8,Mala,2025-06-21T14:05:02.997186,red
WI_FIIS,-94,00:FC:BA:A3:DD:03,-12.016263,-77.048866,124.6,1.04,8,Mala,2025-06-21T14:05:04.600467,red
FIIS_Docentes,-96,00:FC:BA:A3:D1:40,-12.016263,-77.048866,124.6,1.04,8,Mala,2025-06-21T14:05:08.145477,red
FIIS_Estudiantes,-97,00:FC:BA:A3:D1:41,-12.016263,-77.048866,124.6,1.04,8,Mala,2025-06-21T14:05:10.009968,red
TeleMallqui,-43,B2:A6:11:D3:04:F9,-12.015755,-77.049049,126.2,0.93,8,Buena,2025-06-21T14:05:13.878875,green
FIIS_Docentes,-76,00:FC:BA:A3:DD:00,-12.015755,-77.049049,126.2,0.93,8,Intermedia,2025-06-21T14:05:14.714228,orange
WI_FIIS,-76,00:FC:BA:A3:DD:03,-12.015755,-77.049049,126.2,0.93,8,Intermedia,2025-06-21T14:05:16.316134,orange
UNI_LIBRE_H,-76,C0:F6:EC:C2:3F:10,-12.015755,-77.049049,126.2,0.93,8,Intermedia,2025-06-21T14:05:17.405109,orange
FIIS_Estudiantes,-77,00:FC:BA:A3:DD:01,-12.015755,-77.049049,126.2,0.93,8,Intermedia,2025-06-21T14:05:18.903613,orange
UNI_LIBRE_H,-77,CC:20:8C:BA:DB:F0,-12.015755,-77.049049,126.2,0.93,8,Intermedia,2025-06-21T14:05:20.613371,orange
FIIS_Docentes,-81,00:A2:EE:C3:20:20,-12.015755,-77.049049,126.2,0.93,8,Mala,2025-06-21T14:05:21.279563,red
Detino,-81,3A:79:AC:62:84:D9,-12.015755,-77.049049,126.2,0.93,8,Mala,2025-06-21T14:05:22.283297,red
MOVISTAR WIFI5943,-83,FE:C4:23:D2:28:79,-12.015755,-77.049049,126.2,0.93,8,Mala,2025-06-21T14:05:23.108637,red
WI_FIIS,-83,00:A2:EE:C3:20:23,-12.015755,-77.049049,126.2,0.93,8,Mala,2025-06-21T14:05:24.587317,red
FIIS_Estudiantes,-84,00:A2:EE:C3:20:21,-12.015755,-77.049049,126.2,0.93,8,Mala,2025-06-21T14:05:25.818169,red
MOVISTAR WIFI8400,-85,2E:5C:13:BC:4F:52,-12.015755,-77.049049,126.2,0.93,8,Mala,2025-06-21T14:05:26.900182,red
FIIS_Estudiantes,-86,78:72:5D:02:13:01,-12.015755,-77.049049,126.2,0.93,8,Mala,2025-06-21T14:05:28.618685,red
FIIS_Estudiantes,-86,00:81:C4:EA:02:31,-12.015755,-77.049049,126.2,0.93,8,Mala,2025-06-21T14:05:29.681960,red
FIIS_Docentes,-87,78:72:5D:02:13:00,-12.015755,-77.049049,126.2,0.93,8,Mala,2025-06-21T14:05:31.521146,red
WI_FIIS,-87,78:72:5D:02:13:03,-12.015755,-77.049049,126.2,0.93,8,Mala,2025-06-21T14:05:33.716832,red
Ysabel's Galaxy A52,-87,0A:65:7E:FA:15:06,-12.015755,-77.049049,126.2,0.93,8,Mala,2025-06-21T14:05:34.140836,red
Dairâ€™s iPhone,-89,16:5B:D1:AF:D5:E0,-12.015755,-77.049049,126.2,0.93,8,Mala,2025-06-21T14:05:34.554292,red
FIIS_Estudiantes,-89,00:D7:8F:94:AD:01,-12.015755,-77.049049,126.2,0.93,8,Mala,2025-06-21T14:05:34.995002,red
Redmi 14C,-89,5A:10:58:F0:E9:B1,-12.015755,-77.049049,126.2,0.93,8,Mala,2025-06-21T14:05:35.400238,red
WI_FIIS,-90,00:81:C4:EA:02:33,-12.015755,-77.049049,126.2,0.93,8,Mala,2025-06-21T14:05:36.015239,red
WIN,-91,44:3B:14:7D:6B:70,-12.015755,-77.049049,126.2,0.93,8,Mala,2025-06-21T14:05:37.011197,red
FIIS_Estudiantes,-91,00:FC:BA:AB:1D:E1,-12.015755,-77.049049,126.2,0.93,8,Mala,2025-06-21T14:05:37.835390,red
WI_FIIS,-91,00:FC:BA:AB:1D:E3,-12.015755,-77.049049,126.2,0.93,8,Mala,2025-06-21T14:05:38.427530,red
Leito,-92,62:9D:69:F0:53:78,-12.015755,-77.049049,126.2,0.93,8,Mala,2025-06-21T14:05:44.197023,red
FIIS_Docentes,-92,00:81:C4:EA:02:30,-12.015755,-77.049049,126.2,0.93,8,Mala,2025-06-21T14:05:45.400711,red
FIIS_Docentes,-92,00:FC:BA:AB:1D:E0,-12.015755,-77.049049,126.2,0.93,8,Mala,2025-06-21T14:05:46.245272,red
Yo soy,-93,26:8B:2B:5F:80:DC,-12.015755,-77.049049,126.2,0.93,8,Mala,2025-06-21T14:05:47.026557,red
Conecta-110,-95,6C:68:A4:E2:54:25,-12.015755,-77.049049,126.2,0.93,8,Mala,2025-06-21T14:05:47.496187,red
DONVALLE,-95,E0:41:36:9B:BE:4A,-12.015755,-77.049049,126.2,0.93,8,Mala,2025-06-21T14:05:49.526186,red
TeleMallqui,-8,B2:A6:11:D3:04:F9,-12.015468,-77.049187,145.6,0.93,8,Buena,2025-06-21T14:05:54.543770,green
FIIS_Docentes,-76,00:F2:8B:E4:8A:E0,-12.015468,-77.049187,145.6,0.93,8,Intermedia,2025-06-21T14:05:55.627644,orange
WI_FIIS,-77,00:F2:8B:E4:8A:E3,-12.015468,-77.049187,145.6,0.93,8,Intermedia,2025-06-21T14:05:57.522432,orange
UNI_LIBRE_H,-81,CC:20:8C:BA:DB:F0,-12.015468,-77.049187,145.6,0.93,8,Mala,2025-06-21T14:05:58.110963,red
FIIS_Estudiantes,-82,00:F2:8B:E4:8A:E1,-12.015468,-77.049187,145.6,0.93,8,Mala,2025-06-21T14:05:58.718356,red
DONVALLE,-83,E0:41:36:9B:BE:4A,-12.015468,-77.049187,145.6,0.93,8,Mala,2025-06-21T14:05:59.326253,red
FIIS_Estudiantes,-84,78:72:5D:02:13:01,-12.015468,-77.049187,145.6,0.93,8,Mala,2025-06-21T14:06:00.398257,red
WIN,-85,44:3B:14:7D:6B:70,-12.015468,-77.049187,145.6,0.93,8,Mala,2025-06-21T14:06:01.828066,red
FIIS_Docentes,-85,78:72:5D:02:13:00,-12.015468,-77.049187,145.6,0.93,8,Mala,2025-06-21T14:06:02.434663,red
ADRIANA,-87,08:33:ED:F0:B9:4F,-12.015468,-77.049187,145.6,0.93,8,Mala,2025-06-21T14:06:03.313451,red
CONECTA-PRIME1,-88,F8:79:28:06:C1:8C,-12.015468,-77.049187,145.6,0.93,8,Mala,2025-06-21T14:06:04.221255,red
WI_FIIS,-89,00:A2:EE:C3:20:23,-12.015468,-77.049187,145.6,0.93,8,Mala,2025-06-21T14:06:05.102956,red
WI_FIIS,-91,78:72:5D:02:13:03,-12.015468,-77.049187,145.6,0.93,8,Mala,2025-06-21T14:06:05.729542,red
FIIS_Docentes,-91,00:FC:BA:AB:2B:40,-12.015468,-77.049187,145.6,0.93,8,Mala,2025-06-21T14:06:06.095634,red
UNI_LIBRE_H,-91,C0:F6:EC:C2:3F:10,-12.015468,-77.049187,145.6,0.93,8,Mala,2025-06-21T14:06:06.582014,red
WI_FIIS,-92,00:FC:BA:AB:2B:43,-12.015468,-77.049187,145.6,0.93,8,Mala,2025-06-21T14:06:07.539497,red
FIIS_Estudiantes,-92,00:FC:BA:A3:DD:01,-12.015468,-77.049187,145.6,0.93,8,Mala,2025-06-21T14:06:07.906298,red
FIIS_Docentes,-92,00:FC:BA:A3:DD:00,-12.015468,-77.049187,145.6,0.93,8,Mala,2025-06-21T14:06:09.795925,red
WI_FIIS,-93,00:81:C4:EA:02:33,-12.015468,-77.049187,145.6,0.93,8,Mala,2025-06-21T14:06:11.207431,red
BENJA,-95,08:6A:0A:E3:CD:AB,-12.015468,-77.049187,145.6,0.93,8,Mala,2025-06-21T14:06:13.696508,red
TeleMallqui,-9,B2:A6:11:D3:04:F9,-12.015468,-77.049187,145.6,0.93,8,Buena,2025-06-21T14:06:18.329589,green
FIIS_Docentes,-76,00:F2:8B:E4:8A:E0,-12.015468,-77.049187,145.6,0.93,8,Intermedia,2025-06-21T14:06:19.207856,orange
WI_FIIS,-76,00:F2:8B:E4:8A:E3,-12.015468,-77.049187,145.6,0.93,8,Intermedia,2025-06-21T14:06:21.207882,orange
FIIS_Estudiantes,-81,00:F2:8B:E4:8A:E1,-12.015468,-77.049187,145.6,0.93,8,Mala,2025-06-21T14:06:23.100208,red
WI_FIIS,-85,78:72:5D:02:13:03,-12.015468,-77.049187,145.6,0.93,8,Mala,2025-06-21T14:06:24.314985,red
FIIS_Estudiantes,-85,78:72:5D:02:13:01,-12.015468,-77.049187,145.6,0.93,8,Mala,2025-06-21T14:06:26.683140,red
DONVALLE,-86,E0:41:36:9B:BE:4A,-12.015468,-77.049187,145.6,0.93,8,Mala,2025-06-21T14:06:27.411841,red
FIIS_Docentes,-87,78:72:5D:02:13:00,-12.015468,-77.049187,145.6,0.93,8,Mala,2025-06-21T14:06:28.906222,red
WIN,-87,44:3B:14:7D:6B:70,-12.015468,-77.049187,145.6,0.93,8,Mala,2025-06-21T14:06:30.209441,red
FIIS_Docentes,-87,00:A2:EE:C3:20:20,-12.015468,-77.049187,145.6,0.93,8,Mala,2025-06-21T14:06:32.714232,red
FIIS_Docentes,-87,00:FC:BA:AB:2B:40,-12.015468,-77.049187,145.6,0.93,8,Mala,2025-06-21T14:06:37.414748,red
UNI_LIBRE_H,-90,C0:F6:EC:C2:3E:50,-12.015468,-77.049187,145.6,0.93,8,Mala,2025-06-21T14:06:38.450803,red
JEZFABI,-91,84:D8:1B:31:8B:C2,-12.015468,-77.049187,145.6,0.93,8,Mala,2025-06-21T14:06:38.858105,red
Lopez,-91,B0:CC:FE:37:29:E0,-12.015468,-77.049187,145.6,0.93,8,Mala,2025-06-21T14:06:39.279837,red
WI_FIIS,-94,00:FC:BA:A3:DD:03,-12.015468,-77.049187,145.6,0.93,8,Mala,2025-06-21T14:06:39.679875,red
ROJASTORRES,-95,14:46:58:40:F6:58,-12.015468,-77.049187,145.6,0.93,8,Mala,2025-06-21T14:06:40.562239,red
FIIS_Docentes,-95,00:FC:BA:A3:DD:00,-12.015468,-77.049187,145.6,0.93,8,Mala,2025-06-21T14:06:41.787852,red
MOVISTAR_52A7,-95,7C:DB:98:86:52:A9,-12.015468,-77.049187,145.6,0.93,8,Mala,2025-06-21T14:06:42.660086,red
TeleMallqui,-8,B2:A6:11:D3:04:F9,-12.015269,-77.0495,125.6,0.93,8,Buena,2025-06-21T14:06:47.410502,green
FIIS_Docentes,-63,00:F2:8B:E4:8A:E0,-12.015269,-77.0495,125.6,0.93,8,Buena,2025-06-21T14:06:49.847502,green
FIIS_Estudiantes,-65,00:F2:8B:E4:8A:E1,-12.015269,-77.0495,125.6,0.93,8,Buena,2025-06-21T14:06:51.592735,green
WI_FIIS,-66,00:F2:8B:E4:8A:E3,-12.015269,-77.0495,125.6,0.93,8,Buena,2025-06-21T14:06:53.350770,green
FIIS_Docentes,-82,78:72:5D:02:13:00,-12.015269,-77.0495,125.6,0.93,8,Mala,2025-06-21T14:06:54.062484,red
UNI_LIBRE_H,-82,C0:F6:EC:C2:3E:50,-12.015269,-77.0495,125.6,0.93,8,Mala,2025-06-21T14:06:55.078538,red
FIIS_Estudiantes,-83,78:72:5D:02:13:01,-12.015269,-77.0495,125.6,0.93,8,Mala,2025-06-21T14:06:55.487643,red
WI_FIIS,-84,78:72:5D:02:13:03,-12.015269,-77.0495,125.6,0.93,8,Mala,2025-06-21T14:06:55.893306,red
WIN,-87,44:3B:14:7D:6B:70,-12.015269,-77.0495,125.6,0.93,8,Mala,2025-06-21T14:06:57.278339,red
FIIS_Docentes,-89,00:A2:EE:66:28:80,-12.015269,-77.0495,125.6,0.93,8,Mala,2025-06-21T14:06:58.208643,red
Lopez,-92,B0:CC:FE:37:29:E0,-12.015269,-77.0495,125.6,0.93,8,Mala,2025-06-21T14:06:59.790213,red
FIIS_Estudiantes,-92,00:A2:EE:66:28:81,-12.015269,-77.0495,125.6,0.93,8,Mala,2025-06-21T14:07:01.380495,red
WI_FIIS,-93,00:A2:EE:66:28:83,-12.015269,-77.0495,125.6,0.93,8,Mala,2025-06-21T14:07:02.988975,red
EB9CB4FE-uE8BkUdBJ@1AOhY,-94,E0:BB:9E:9C:B4:FE,-12.015269,-77.0495,125.6,0.93,8,Mala,2025-06-21T14:07:04.389570,red
FIIS_Docentes,-94,78:72:5D:02:12:C0,-12.015269,-77.0495,125.6,0.93,8,Mala,2025-06-21T14:07:06.168274,red
WI_FIIS,-94,78:72:5D:02:12:C3,-12.015269,-77.0495,125.6,0.93,8,Mala,2025-06-21T14:07:08.172657,red
TeleMallqui,-14,B2:A6:11:D3:04:F9,-12.015275,-77.049759,125.6,0.93,8,Buena,2025-06-21T14:07:13.623359,green
FIIS_Docentes,-64,00:F2:8B:E4:8A:E0,-12.015275,-77.049759,125.6,0.93,8,Buena,2025-06-21T14:07:14.281031,green
FIIS_Estudiantes,-64,00:F2:8B:E4:8A:E1,-12.015275,-77.049759,125.6,0.93,8,Buena,2025-06-21T14:07:15.563406,green
WI_FIIS,-67,00:F2:8B:E4:8A:E3,-12.015275,-77.049759,125.6,0.93,8,Buena,2025-06-21T14:07:18.260561,green
FIIS_Estudiantes,-74,00:A2:EE:66:28:81,-12.015275,-77.049759,125.6,0.93,8,Intermedia,2025-06-21T14:07:19.660951,orange
WI_FIIS,-74,00:A2:EE:66:28:83,-12.015275,-77.049759,125.6,0.93,8,Intermedia,2025-06-21T14:07:21.452053,orange
FIIS_Docentes,-75,00:A2:EE:66:28:80,-12.015275,-77.049759,125.6,0.93,8,Intermedia,2025-06-21T14:07:23.084834,orange
FIIS_Docentes,-79,00:FC:BA:AB:20:00,-12.015275,-77.049759,125.6,0.93,8,Intermedia,2025-06-21T14:07:23.677973,orange
WI_FIIS,-82,00:FC:BA:AB:20:03,-12.015275,-77.049759,125.6,0.93,8,Mala,2025-06-21T14:07:24.483551,red
FIIS_Estudiantes,-84,00:FC:BA:AB:2B:41,-12.015275,-77.049759,125.6,0.93,8,Mala,2025-06-21T14:07:26.003845,red
FIIS_Estudiantes,-88,00:FC:BA:AB:20:01,-12.015275,-77.049759,125.6,0.93,8,Mala,2025-06-21T14:07:31.757028,red
MOVISTAR INTERNET,-88,FC:5A:1D:E1:54:08,-12.015275,-77.049759,125.6,0.93,8,Mala,2025-06-21T14:07:32.167938,red
EB9CB516-uE8BkUdBKM1AOk6,-90,E0:BB:9E:9C:B5:16,-12.015275,-77.049759,125.6,0.93,8,Mala,2025-06-21T14:07:32.661185,red
WIN,-90,44:3B:14:7D:6B:70,-12.015275,-77.049759,125.6,0.93,8,Mala,2025-06-21T14:07:35.423803,red
WI_FIIS,-90,78:72:5D:02:13:03,-12.015275,-77.049759,125.6,0.93,8,Mala,2025-06-21T14:07:37.675474,red
FIIS_Docentes,-92,00:A2:EE:E1:92:A0,-12.015275,-77.049759,125.6,0.93,8,Mala,2025-06-21T14:07:39.873542,red
FIIS_Docentes,-92,00:A2:EE:C3:20:20,-12.015275,-77.049759,125.6,0.93,8,Mala,2025-06-21T14:07:42.014564,red
FIIS_Docentes,-93,00:A2:EE:DA:8B:40,-12.015275,-77.049759,125.6,0.93,8,Mala,2025-06-21T14:07:42.360813,red
FIIS_Docentes,-93,00:D7:8F:89:A3:C0,-12.015275,-77.049759,125.6,0.93,8,Mala,2025-06-21T14:07:42.760750,red
FIIS_Estudiantes,-93,78:72:5D:02:12:C1,-12.015275,-77.049759,125.6,0.93,8,Mala,2025-06-21T14:07:43.566221,red
FIIS_Estudiantes,-94,78:72:5D:02:13:01,-12.015275,-77.049759,125.6,0.93,8,Mala,2025-06-21T14:07:43.975594,red
WI_FIIS,-94,00:D7:8F:89:A3:C3,-12.015275,-77.049759,125.6,0.93,8,Mala,2025-06-21T14:07:46.712110,red
WI_FIIS,-95,00:A2:EE:C3:20:23,-12.015275,-77.049759,125.6,0.93,8,Mala,2025-06-21T14:07:48.389344,red
FIIS_Docentes,-97,78:72:5D:02:13:00,-12.015275,-77.049759,125.6,0.93,8,Mala,2025-06-21T14:07:49.985403,red
TeleMallqui,-15,B2:A6:11:D3:04:F9,-12.015255,-77.049942,125.6,0.93,8,Buena,2025-06-21T14:07:54.604938,green
WI_FIIS,-66,00:FC:BA:AB:2B:43,-12.015255,-77.049942,125.6,0.93,8,Buena,2025-06-21T14:08:02.295064,green
FIIS_Docentes,-67,00:FC:BA:AB:2B:40,-12.015255,-77.049942,125.6,0.93,8,Buena,2025-06-21T14:08:04.576391,green
FIIS_Estudiantes,-67,00:FC:BA:AB:2B:41,-12.015255,-77.049942,125.6,0.93,8,Buena,2025-06-21T14:08:06.266078,green
FIIS_Docentes,-76,78:72:5D:02:12:C0,-12.015255,-77.049942,125.6,0.93,8,Intermedia,2025-06-21T14:08:09.190993,orange
WI_FIIS,-80,78:72:5D:02:12:C3,-12.015255,-77.049942,125.6,0.93,8,Mala,2025-06-21T14:08:10.858436,red
WI_FIIS,-85,00:D7:8F:89:A3:C3,-12.015255,-77.049942,125.6,0.93,8,Mala,2025-06-21T14:08:12.563108,red
FIIS_Docentes,-86,00:D7:8F:89:A3:C0,-12.015255,-77.049942,125.6,0.93,8,Mala,2025-06-21T14:08:14.695506,red
UNI_LIBRE_H,-86,D4:4F:67:58:BC:E0,-12.015255,-77.049942,125.6,0.93,8,Mala,2025-06-21T14:08:15.417186,red
FIIS_Estudiantes,-87,00:D7:8F:89:A3:C1,-12.015255,-77.049942,125.6,0.93,8,Mala,2025-06-21T14:08:15.912777,red
UNI_LIBRE_H,-89,CC:20:8C:BA:DD:30,-12.015255,-77.049942,125.6,0.93,8,Mala,2025-06-21T14:08:16.537101,red
FIIS_Estudiantes,-90,00:A2:EE:66:28:81,-12.015255,-77.049942,125.6,0.93,8,Mala,2025-06-21T14:08:17.945407,red
EB9CB516-uE8BkUdBKM1AOk6,-90,E0:BB:9E:9C:B5:16,-12.015255,-77.049942,125.6,0.93,8,Mala,2025-06-21T14:08:19.815757,red
WIN,-92,44:3B:14:7D:6B:70,-12.015255,-77.049942,125.6,0.93,8,Mala,2025-06-21T14:08:20.440299,red
WI_FIIS,-92,00:A2:EE:66:28:83,-12.015255,-77.049942,125.6,0.93,8,Mala,2025-06-21T14:08:22.332004,red
Galaxy A04s 6FA3,-92,DE:6D:F1:C5:89:A7,-12.015255,-77.049942,125.6,0.93,8,Mala,2025-06-21T14:08:25.746878,red
POCO X3 Pro,-93,1A:ED:EA:68:08:42,-12.015255,-77.049942,125.6,0.93,8,Mala,2025-06-21T14:08:26.815111,red
FIIS_Docentes,-94,00:A2:EE:66:28:80,-12.015255,-77.049942,125.6,0.93,8,Mala,2025-06-21T14:08:28.640534,red
VALESKA,-95,F4:52:46:15:EB:8F,-12.015255,-77.049942,125.6,0.93,8,Mala,2025-06-21T14:08:30.140072,red
TeleMallqui,-16,B2:A6:11:D3:04:F9,-12.015238,-77.050247,125.6,0.93,8,Buena,2025-06-21T14:08:36.352808,green
FIIS_Estudiantes,-67,00:A2:EE:DA:8B:41,-12.015238,-77.050247,125.6,0.93,8,Buena,2025-06-21T14:08:37.448242,green
WI_FIIS,-67,00:A2:EE:DA:8B:43,-12.015238,-77.050247,125.6,0.93,8,Buena,2025-06-21T14:08:39.097648,green
WI_FIIS,-75,00:D7:8F:89:A3:C3,-12.015238,-77.050247,125.6,0.93,8,Intermedia,2025-06-21T14:08:39.541107,orange
FIIS_Docentes,-76,00:D7:8F:89:A3:C0,-12.015238,-77.050247,125.6,0.93,8,Intermedia,2025-06-21T14:08:44.439392,orange
FIIS_Estudiantes,-76,00:D7:8F:89:A3:C1,-12.015238,-77.050247,125.6,0.93,8,Intermedia,2025-06-21T14:08:45.639047,orange
FIIS_Estudiantes,-78,00:F2:8B:E4:8E:01,-12.015238,-77.050247,125.6,0.93,8,Intermedia,2025-06-21T14:08:46.322046,orange
UNI_LIBRE_H,-78,CC:20:8C:BA:DD:30,-12.015238,-77.050247,125.6,0.93,8,Intermedia,2025-06-21T14:08:46.646480,orange
WI_FIIS,-79,20:BB:C0:1D:64:63,-12.015238,-77.050247,125.6,0.93,8,Intermedia,2025-06-21T14:08:47.649244,orange
WI_FIIS,-79,00:F2:8B:E4:8E:03,-12.015238,-77.050247,125.6,0.93,8,Intermedia,2025-06-21T14:08:48.075179,orange
UNI_LIBRE_H,-83,D4:4F:67:58:BD:A0,-12.015238,-77.050247,125.6,0.93,8,Mala,2025-06-21T14:08:48.295643,red
FIIS_Estudiantes,-86,20:BB:C0:1D:64:61,-12.015238,-77.050247,125.6,0.93,8,Mala,2025-06-21T14:08:50.711823,red
UNI_LIBRE_H,-86,CC:20:8C:BA:DB:B0,-12.015238,-77.050247,125.6,0.93,8,Mala,2025-06-21T14:08:53.612298,red
Galaxy A310C40,-89,4A:F6:8C:BA:65:B1,-12.015238,-77.050247,125.6,0.93,8,Mala,2025-06-21T14:08:56.317053,red
WI_FIIS,-90,00:A2:EE:E1:92:23,-12.015238,-77.050247,125.6,0.93,8,Mala,2025-06-21T14:08:57.107530,red
WIN,-92,44:3B:14:7D:6B:70,-12.015238,-77.050247,125.6,0.93,8,Mala,2025-06-21T14:08:58.517395,red
EB9CB0A6-uE8BkUdB2c1AOmm,-92,E0:BB:9E:9C:B0:A6,-12.015238,-77.050247,125.6,0.93,8,Mala,2025-06-21T14:09:00.440787,red
FIIS_Docentes,-94,00:A2:EE:E1:92:40,-12.015238,-77.050247,125.6,0.93,8,Mala,2025-06-21T14:09:01.925268,red
WI_FIIS,-94,00:A2:EE:E1:92:43,-12.015238,-77.050247,125.6,0.93,8,Mala,2025-06-21T14:09:03.723412,red
Galaxy A04249c,-94,0A:B0:7E:3C:4F:2C,-12.015238,-77.050247,125.6,0.93,8,Mala,2025-06-21T14:09:06.726771,red
FIIS_Docentes,-95,00:A2:EE:E1:92:20,-12.015238,-77.050247,125.6,0.93,8,Mala,2025-06-21T14:09:07.308671,red
Galaxy A25 5G 8A0C,-96,4E:7A:56:26:54:89,-12.015238,-77.050247,125.6,0.93,8,Mala,2025-06-21T14:09:09.120279,red
GalaxyA12,-97,7A:F0:A9:56:85:24,-12.015238,-77.050247,125.6,0.93,8,Mala,2025-06-21T14:09:09.922650,red
TeleMallqui,-16,B2:A6:11:D3:04:F9,-12.015255,-77.050476,122.1,0.93,8,Buena,2025-06-21T14:09:14.254128,green
UNI_LIBRE_H,-73,C0:3F:DD:06:32:60,-12.015255,-77.050476,122.1,0.93,8,Intermedia,2025-06-21T14:09:16.901927,orange
GalaxyA12,-76,7A:F0:A9:56:85:24,-12.015255,-77.050476,122.1,0.93,8,Intermedia,2025-06-21T14:09:18.603727,orange
FIIS_Docentes,-79,00:A2:EE:DA:8B:40,-12.015255,-77.050476,122.1,0.93,8,Intermedia,2025-06-21T14:09:19.200888,orange
FIIS_Estudiantes,-81,00:A2:EE:DA:8B:41,-12.015255,-77.050476,122.1,0.93,8,Mala,2025-06-21T14:09:19.649876,red
WI_FIIS,-88,00:A2:EE:DA:8B:43,-12.015255,-77.050476,122.1,0.93,8,Mala,2025-06-21T14:09:20.223935,red
DIRECT-epson-026d-0-001,-88,A6:D7:3C:49:3A:9D,-12.015255,-77.050476,122.1,0.93,8,Mala,2025-06-21T14:09:22.698176,red
WI_FIIS,-88,00:F2:8B:E4:8E:03,-12.015255,-77.050476,122.1,0.93,8,Mala,2025-06-21T14:09:23.094803,red
Lopez,-89,B0:CC:FE:37:29:E0,-12.015255,-77.050476,122.1,0.93,8,Mala,2025-06-21T14:09:23.695294,red
FIIS_Docentes,-90,00:A2:EE:E1:92:20,-12.015255,-77.050476,122.1,0.93,8,Mala,2025-06-21T14:09:25.604883,red
UNI_LIBRE_H,-90,CC:20:8C:BA:DC:70,-12.015255,-77.050476,122.1,0.93,8,Mala,2025-06-21T14:09:27.606397,red
Galaxy A04249c,-91,0A:B0:7E:3C:4F:2C,-12.015255,-77.050476,122.1,0.93,8,Mala,2025-06-21T14:09:28.684423,red
WIN,-91,44:3B:14:7D:6B:70,-12.015255,-77.050476,122.1,0.93,8,Mala,2025-06-21T14:09:30.012122,red
TP-Link_9858,-91,40:ED:00:01:98:58,-12.015255,-77.050476,122.1,0.93,8,Mala,2025-06-21T14:09:31.904144,red
FIIS_Docentes,-91,00:F2:8B:E4:8E:00,-12.015255,-77.050476,122.1,0.93,8,Mala,2025-06-21T14:09:36.804447,red
FIIS_Estudiantes,-91,00:A2:EE:E1:92:21,-12.015255,-77.050476,122.1,0.93,8,Mala,2025-06-21T14:09:37.509495,red
WI_FIIS,-92,00:A2:EE:E1:92:23,-12.015255,-77.050476,122.1,0.93,8,Mala,2025-06-21T14:09:38.102563,red
Galaxy A03 Core7852,-93,8A:4A:1A:C0:60:E5,-12.015255,-77.050476,122.1,0.93,8,Mala,2025-06-21T14:09:39.509197,red
FIIS_Estudiantes,-95,00:F2:8B:E4:8E:01,-12.015255,-77.050476,122.1,0.93,8,Mala,2025-06-21T14:09:40.105255,red
TeleMallqui,-14,B2:A6:11:D3:04:F9,-12.015281,-77.050774,120.4,0.93,8,Buena,2025-06-21T14:09:44.538403,green
GalaxyA12,-78,7A:F0:A9:56:85:24,-12.015281,-77.050774,120.4,0.93,8,Intermedia,2025-06-21T14:09:46.085176,orange
Galaxy A04249c,-81,0A:B0:7E:3C:4F:2C,-12.015281,-77.050774,120.4,0.93,8,Mala,2025-06-21T14:09:48.503548,red
UNI_LIBRE_H,-83,C0:3F:DD:06:32:60,-12.015281,-77.050774,120.4,0.93,8,Mala,2025-06-21T14:09:49.706407,red
FIIS_Docentes,-87,00:A2:EE:DA:8B:40,-12.015281,-77.050774,120.4,0.93,8,Mala,2025-06-21T14:09:50.744637,red
WIN,-89,44:3B:14:7D:6B:70,-12.015281,-77.050774,120.4,0.93,8,Mala,2025-06-21T14:09:51.235532,red
OREJASCATA 2.4,-91,FC:4D:A6:F9:A4:E4,-12.015281,-77.050774,120.4,0.93,8,Mala,2025-06-21T14:09:51.607482,red
Lopez,-92,B0:CC:FE:37:29:E0,-12.015281,-77.050774,120.4,0.93,8,Mala,2025-06-21T14:09:51.977322,red
R3PISOB,-92,F4:F2:6D:8B:83:B0,-12.015281,-77.050774,120.4,0.93,8,Mala,2025-06-21T14:09:52.578604,red
TP-Link_9858,-93,40:ED:00:01:98:58,-12.015281,-77.050774,120.4,0.93,8,Mala,2025-06-21T14:09:53.275112,red
WI_FIIS,-94,00:A2:EE:DA:8B:43,-12.015281,-77.050774,120.4,0.93,8,Mala,2025-06-21T14:09:54.270331,red
CasaUNI_RyO,-94,F4:E4:51:B5:51:F0,-12.015281,-77.050774,120.4,0.93,8,Mala,2025-06-21T14:09:56.287684,red
TeleMallqui,-15,B2:A6:11:D3:04:F9,-12.015265,-77.051064,121.3,0.93,8,Buena,2025-06-21T14:10:02.197415,green
GalaxyA12,-72,7A:F0:A9:56:85:24,-12.015265,-77.051064,121.3,0.93,8,Intermedia,2025-06-21T14:10:04.188754,orange
UNI_LIBRE_H,-83,C0:3F:DD:06:32:60,-12.015265,-77.051064,121.3,0.93,8,Mala,2025-06-21T14:10:06.359434,red
FAMILIA SS,-87,F4:52:46:1E:83:6F,-12.015265,-77.051064,121.3,0.93,8,Mala,2025-06-21T14:10:08.180141,red
TP-Link_9858,-87,40:ED:00:01:98:58,-12.015265,-77.051064,121.3,0.93,8,Mala,2025-06-21T14:10:08.783886,red
Galaxy A30s0AB8,-89,92:FB:B3:B1:EA:60,-12.015265,-77.051064,121.3,0.93,8,Mala,2025-06-21T14:10:09.374107,red
EMERSON,-89,F8:79:28:84:58:1E,-12.015265,-77.051064,121.3,0.93,8,Mala,2025-06-21T14:10:09.969282,red
WIN,-90,44:3B:14:7D:6B:70,-12.015265,-77.051064,121.3,0.93,8,Mala,2025-06-21T14:10:10.641712,red
CUARTO PISO,-90,F0:A7:31:52:1E:D6,-12.015265,-77.051064,121.3,0.93,8,Mala,2025-06-21T14:10:12.471693,red
WI_FIIS,-90,00:F2:8B:E4:8E:03,-12.015265,-77.051064,121.3,0.93,8,Mala,2025-06-21T14:10:13.282143,red
FIIS_Docentes,-91,00:A2:EE:DA:8B:40,-12.015265,-77.051064,121.3,0.93,8,Mala,2025-06-21T14:10:14.074609,red
MOVISTAR INTERNET,-91,FC:5A:1D:E1:54:08,-12.015265,-77.051064,121.3,0.93,8,Mala,2025-06-21T14:10:14.690102,red
FIIS_Estudiantes,-92,00:A2:EE:DA:8B:41,-12.015265,-77.051064,121.3,0.93,8,Mala,2025-06-21T14:10:16.280644,red
Lopez,-92,B0:CC:FE:37:29:E0,-12.015265,-77.051064,121.3,0.93,8,Mala,2025-06-21T14:10:17.170027,red
FIIS_Estudiantes,-92,00:F2:8B:E4:8E:01,-12.015265,-77.051064,121.3,0.93,8,Mala,2025-06-21T14:10:18.483653,red
FIIS_Docentes,-93,00:F2:8B:E4:8E:00,-12.015265,-77.051064,121.3,0.93,8,Mala,2025-06-21T14:10:20.277831,red
Galaxy A04249c,-94,0A:B0:7E:3C:4F:2C,-12.015265,-77.051064,121.3,0.93,8,Mala,2025-06-21T14:10:20.887402,red
A23,-97,FE:F8:3A:C5:F3:B0,-12.015265,-77.051064,121.3,0.93,8,Mala,2025-06-21T14:10:22.284785,red
TeleMallqui,-16,B2:A6:11:D3:04:F9,-12.015261,-77.051262,121.5,0.89,9,Buena,2025-06-21T14:10:26.141602,green
GalaxyA12,-71,7A:F0:A9:56:85:24,-12.015261,-77.051262,121.5,0.89,9,Intermedia,2025-06-21T14:10:27.238484,orange
WIN,-87,44:3B:14:7D:6B:70,-12.015261,-77.051262,121.5,0.89,9,Mala,2025-06-21T14:10:27.854249,red
EJERCITO,-90,F8:79:28:84:2B:24,-12.015261,-77.051262,121.5,0.89,9,Mala,2025-06-21T14:10:29.873337,red
WI_FIIS,-91,00:A2:EE:DA:8B:43,-12.015261,-77.051262,121.5,0.89,9,Mala,2025-06-21T14:10:32.457053,red
Galaxy A30s0AB8,-92,92:FB:B3:B1:EA:60,-12.015261,-77.051262,121.5,0.89,9,Mala,2025-06-21T14:10:34.243781,red
FTTH-CONECTA3979,-92,1C:EF:03:F4:38:7E,-12.015261,-77.051262,121.5,0.89,9,Mala,2025-06-21T14:10:40.842259,red
hw_manage_2e20,-92,C0:3F:DD:06:2E:2B,-12.015261,-77.051262,121.5,0.89,9,Mala,2025-06-21T14:10:42.248193,red
FIIS_Estudiantes,-94,00:A2:EE:DA:8B:41,-12.015261,-77.051262,121.5,0.89,9,Mala,2025-06-21T14:10:43.423693,red
EMERSON,-94,F8:79:28:84:58:1E,-12.015261,-77.051262,121.5,0.89,9,Mala,2025-06-21T14:10:45.641218,red
FIIS_Docentes,-95,00:A2:EE:DA:8B:40,-12.015261,-77.051262,121.5,0.89,9,Mala,2025-06-21T14:10:47.043973,red
TeleMallqui,-17,B2:A6:11:D3:04:F9,-12.015261,-77.051506,123.4,0.98,9,Buena,2025-06-21T14:10:51.972853,green
GalaxyA12,-76,7A:F0:A9:56:85:24,-12.015261,-77.051506,123.4,0.98,9,Intermedia,2025-06-21T14:10:54.692851,orange
WIN,-87,44:3B:14:7D:6B:70,-12.015261,-77.051506,123.4,0.98,9,Mala,2025-06-21T14:10:55.058813,red
